{"cameraMode":{"drawMode":0,"name":"Shaded","section":"Shading Mode"},"sceneLighting":true,"audioPlay":false,"sceneViewState":{"m_AlwaysRefresh":false,"showFog":true,"showSkybox":true,"showFlares":true,"showImageEffects":true,"showParticleSystems":true,"showVisualEffectGraphs":true,"m_FxEnabled":true},"in2DMode":false,"pivot":{"x":3.340569496154785,"y":1.6612110137939454,"z":0.01109457015991211},"rotation":{"x":0.23950786888599397,"y":-0.09303652495145798,"z":0.023063786327838899,"w":0.9661522507667542},"size":5.591511249542236,"orthographic":false}