{"cameraMode":{"drawMode":0,"name":"Shaded","section":"Shading Mode"},"sceneLighting":true,"audioPlay":false,"sceneViewState":{"m_AlwaysRefresh":false,"showFog":true,"showSkybox":true,"showFlares":true,"showImageEffects":true,"showParticleSystems":true,"showVisualEffectGraphs":true,"m_FxEnabled":true},"in2DMode":false,"pivot":{"x":2.887885570526123,"y":1.8837060928344727,"z":0.8770503997802734},"rotation":{"x":0.2276310920715332,"y":-0.20273542404174806,"z":0.04851764440536499,"w":0.9511728882789612},"size":6.691198825836182,"orthographic":false}