{"cameraMode":{"drawMode":0,"name":"Shaded","section":"Shading Mode"},"sceneLighting":false,"audioPlay":false,"sceneViewState":{"m_AlwaysRefresh":false,"showFog":true,"showSkybox":false,"showFlares":true,"showImageEffects":true,"showParticleSystems":true,"showVisualEffectGraphs":true,"m_FxEnabled":true},"in2DMode":false,"pivot":{"x":0.9997327327728272,"y":0.7484190464019775,"z":0.9992290139198303},"rotation":{"x":0.1222432479262352,"y":-0.8427985310554504,"z":0.21564878523349763,"w":0.47775018215179446},"size":1.9413020610809327,"orthographic":false}