{"cameraMode":{"drawMode":0,"name":"Shaded","section":"Shading Mode"},"sceneLighting":true,"audioPlay":false,"sceneViewState":{"m_AlwaysRefresh":false,"showFog":true,"showSkybox":true,"showFlares":true,"showImageEffects":true,"showParticleSystems":true,"showVisualEffectGraphs":true,"m_FxEnabled":true},"in2DMode":false,"pivot":{"x":5.342175483703613,"y":16.44918441772461,"z":-2.1002891063690187},"rotation":{"x":0.5710617899894714,"y":0.00024610580294393003,"z":-0.00017100672994274646,"w":0.8209078311920166},"size":23.464054107666017,"orthographic":false}