{"cameraMode":{"drawMode":0,"name":"Shaded","section":"Shading Mode"},"sceneLighting":true,"audioPlay":false,"sceneViewState":{"m_AlwaysRefresh":false,"showFog":true,"showSkybox":true,"showFlares":true,"showImageEffects":true,"showParticleSystems":true,"showVisualEffectGraphs":true,"m_FxEnabled":true},"in2DMode":false,"pivot":{"x":-16.625843048095704,"y":5.083436965942383,"z":4.786994457244873},"rotation":{"x":0.18418286740779878,"y":-0.35494381189346316,"z":0.07154355943202973,"w":0.9137707948684692},"size":20.265838623046876,"orthographic":false}