{"cameraMode":{"drawMode":0,"name":"Shaded","section":"Shading Mode"},"sceneLighting":false,"audioPlay":false,"sceneViewState":{"m_AlwaysRefresh":false,"showFog":true,"showSkybox":false,"showFlares":true,"showImageEffects":true,"showParticleSystems":true,"showVisualEffectGraphs":true,"m_FxEnabled":true},"in2DMode":false,"pivot":{"x":-0.2410902976989746,"y":2.163205623626709,"z":-0.08697915077209473},"rotation":{"x":0.11345403641462326,"y":-0.2791856825351715,"z":0.03323923423886299,"w":0.952931821346283},"size":3.1823983192443849,"orthographic":true}