{"cameraMode":{"drawMode":0,"name":"Shaded","section":"Shading Mode"},"sceneLighting":true,"audioPlay":false,"sceneViewState":{"m_AlwaysRefresh":false,"showFog":true,"showSkybox":true,"showFlares":true,"showImageEffects":true,"showParticleSystems":true,"showVisualEffectGraphs":true,"m_FxEnabled":true},"in2DMode":false,"pivot":{"x":5.012720108032227,"y":-8.041352272033692,"z":24.45632553100586},"rotation":{"x":0.18546640872955323,"y":0.13658782839775086,"z":-0.026041556149721147,"w":0.9727644324302673},"size":28.690282821655275,"orthographic":false}